name,licencePlate,created
"RunWhen PoC ","be8a16","20 Sep 2022"
"Demo Monolith to Microservices App ","e34374","6 Jun 2022"
"arctiq Sandbox ","e595b8","14 Sep 2022"
"JBOSS OpenShift Operator POC ","fbca9a","14 Sep 2022"
"NRM vault token broker ","a03c8f","19 Jul 2022"
"Forms Common Components ","a191b5","20 May 2022"
"FINtranet ","a1a681","20 Apr 2022"
"IPS ","a40635","29 Nov 2022"
"ALCS ","a5cf88","15 Jul 2022"
"Digital Consulting Sandbox ","acf456","15 Jun 2022"
"Openshift 201 Lab ","ad204f","1 Apr 2022"
"BMC Remedy Helix ","ad3577","15 Dec 2022"
"Anti Racism Data Survey ","af9df1","5 Jul 2022"
"EducationClients ","afffe0","27 Apr 2022"
"SDPR Access Portal ","b0f542","11 May 2022"
"Location Services Metrics ","b1d0a0","11 Jan 2023"
"Habitat restoration Tracker ","b1d40d","13 Apr 2022"
"CCOF ","b43d2d","20 Sep 2022"
"Education Database ","b48f1e","6 May 2022"
"Community Information Tool ","b4e935","14 Mar 2023"
"Mineral Titles Branch Metabase Instance ","b4f134","25 Apr 2022"
"Digital Experience Solutions Components ","b8a72a","8 Mar 2023"
"Digital Privacy Impact Assessment ","b996e6","17 Jun 2022"
"FSADT2 Seed Planning ","b9d53b","26 Jul 2022"
"SDPR Research Website ","ba7244","4 Apr 2022"
"GRAD UI ","bbe4c3","17 Jun 2022"
"Hydrometric Rating Curve ","c00d40","21 Dec 2022"
"CHEFS ","c2da03","15 Dec 2022"
"Plugin and site Delivery Automation ","c329bd","13 Oct 2022"
"DriveBC PoC ","c59ecc","8 Dec 2022"
"SDPR Research Branch map generator ","c80f7f","11 Aug 2022"
"Document Management and Storage ","cca383","8 Mar 2023"
"Airflow ","ccf7ad","20 Jan 2023"
"Citizen Engagement ","cd77be","2 May 2022"
"Ecobase ","cef916","14 Mar 2023"
"PSS ECommerce Microservices ","cef9ac","27 Sep 2022"
"Concurrent Processing Framework ","d0278b","18 May 2022"
"Waiting Room ","d0bc21","20 Jan 2023"
"Document Reviewer ","d106d6","29 Sep 2022"
"Community Investment Opportunities Tool ","d2cb5f","14 Mar 2023"
"BCGov Pub Code ","d5f525","30 Mar 2023"
"Exit survey ","d82eaa","11 Jan 2023"
"Critterbase ","d9ccb0","23 Feb 2023"
"DOMO ","d9d78e","11 Oct 2022"
"EPICFLOW ","dc383e","27 May 2022"
"Online Cloud Security Schedule ","de957b","22 Sep 2022"
"EPD Digital Services ","e38158","1 Sep 2022"
"Payment common component ","e49a54","24 Aug 2022"
"BC Laws ","e5dd3f","19 Oct 2022"
"BCBox ","e7679d","14 Dec 2022"
"GRAD Business APIs ","e8a97a","17 Jun 2022"
"CITZ IMB Sandbox ","ec1236","9 Aug 2022"
"PBGP ","ed9154","13 Oct 2022"
"FOI Help ","eeced3","2 May 2022"
"Soil Relocation Information System ","f0431b","13 Oct 2022"
"Digital Talent Hiring Pilot ","f15899","7 Feb 2023"
"ISDincubator ","f53c4f","13 Oct 2022"
"PSA DIO Data Science ","f5dfb9","2 Nov 2022"
"BC Gov Developer Portal ","f5ff48","27 Feb 2023"
"Workforce Profiles ","fac62a","9 Mar 2023"
"CONN CCBC Portal ","ff61fb","13 Apr 2022"
"Gordon intro ","t34858e","2 May 2022"
"Digital Privacy Impact Assessment ","aa77ab","17 Nov 2022"
"WorkBC ES Analytics ","b14f66","2 Mar 2023"
"CSB Courts Fees and Fines MS ","b4965c","26 Sep 2022"
"AG PSSG ISB DevOps LAB ","be808f","23 Sep 2022"
"Document Reviewer ","bf01c0","26 Oct 2022"
"BCPS DEMS ","bfc5f3","23 Sep 2022"
"AG PSSG JADE Platform ","c02f7f","26 Sep 2022"
"BC Corrections Community Corrections CMS ","c89dfc","20 Jan 2023"
"SCJ Supreme Court Viewer ","dc2d23","23 Sep 2022"
"CSB Court Nextcloud ","e03594","30 Mar 2023"
"RSBC Driver Medical Document Processing ","e93f93","23 Feb 2023"
"BC Corrections Community Corrections DAL ","ed5723","27 Sep 2022"
"SPD Security Screening and services ","fe7e29","23 Sep 2022"
"ISDZ2DevOps ","ff22b9","23 Feb 2023"
"BC Corrections Community Corrections CMS ","abb712","8 Apr 2022"
"BC Corrections ICON2 Integration ","af9914","4 May 2022"
"BC Corrections eInformation Integration ","b59d8b","21 Mar 2023"
"onRouteBC ","c3141c","27 Oct 2022"
"Content Management Framework ","c57b11","6 Apr 2022"
"BC Corrections StaffNet Integration ","c5fb6c","4 May 2022"
"HNI Modernization Project ","c8d6f2","8 Aug 2022"
"Provincial Prescription Management ","d027a8","12 Oct 2022"
"CSB CEIS CRDP Integration ","da81c0","20 Sep 2022"
"BC Corrections CMSINT PAC Integration ","e1a6d6","29 Nov 2022"
"BCPS DEMS ","e27db1","19 May 2022"
"SSO CSS App SANDBOX ","e4ca1d","30 Jan 2023"
"Modern Engagement Tools ","e903c2","13 Apr 2022"